                  epoch,         train/box_loss,         train/cls_loss,         train/dfl_loss,   metrics/precision(B),      metrics/recall(B),       metrics/mAP50(B),    metrics/mAP50-95(B),           val/box_loss,           val/cls_loss,           val/dfl_loss,                 lr/pg0,                 lr/pg1,                 lr/pg2
                      1,                 3.6202,                 4.4573,                 4.1638,                0.00239,                0.39404,                0.01117,                 0.0032,                 3.5532,                 3.8998,                 4.0681,               0.070536,              0.0032738,              0.0032738
                      2,                 3.5356,                 4.1727,                 3.9425,                0.00016,                0.14583,                0.00235,                 0.0009,                 3.5217,                 3.6491,                 3.9042,                0.04053,              0.0066019,              0.0066019
                      3,                 3.1271,                 3.8188,                 3.4986,                0.00016,                0.14583,                0.00235,                 0.0009,                 3.3776,                  8.118,                 4.2156,                0.01052,              0.0099246,              0.0099246
                      4,                 2.7231,                 3.4036,                 3.0659,                0.17227,                0.19132,                0.00327,                0.00056,                 3.2638,                 32.205,                 3.7959,               0.009976,               0.009976,               0.009976
                      5,                 2.4887,                 3.0943,                 2.8194,                0.67742,                0.01961,                 0.0083,                0.00224,                 3.0338,                 16.552,                 3.4364,               0.009968,               0.009968,               0.009968
                      6,                 2.3109,                 2.8619,                 2.6711,                0.00699,                0.02941,                0.00528,                0.00188,                 3.0387,                 14.188,                 3.8807,                0.00996,                0.00996,                0.00996
                      7,                 2.1603,                 2.6601,                  2.531,                0.41231,                0.18571,                0.10142,                 0.0351,                 2.4098,                 3.6941,                 2.8987,               0.009952,               0.009952,               0.009952
                      8,                 2.0365,                 2.4513,                 2.4116,                0.29356,                0.51133,                0.40002,                0.15945,                 2.0715,                 2.5521,                  2.574,               0.009944,               0.009944,               0.009944
                      9,                 1.9375,                 2.3421,                 2.3166,                0.36015,                0.15477,                0.15942,                0.05935,                 2.2964,                 3.3067,                 2.7168,               0.009936,               0.009936,               0.009936
                     10,                 1.8705,                   2.22,                 2.2509,                0.33921,                0.21823,                0.12685,                 0.0401,                 2.4006,                 3.2169,                 2.8599,               0.009928,               0.009928,               0.009928
                     11,                 1.8045,                  2.157,                 2.1809,                0.40034,                0.34505,                0.33864,                0.10954,                 2.2226,                 2.5271,                 2.6504,                0.00992,                0.00992,                0.00992
                     12,                 1.7807,                 2.0997,                 2.1603,                0.42692,                0.55844,                0.56864,                0.24739,                 1.7724,                 1.8597,                 2.1314,               0.009912,               0.009912,               0.009912
                     13,                 1.7592,                  2.033,                  2.101,                0.26535,                 0.3276,                0.29444,                0.12166,                 2.3284,                 3.1803,                 2.7793,               0.009904,               0.009904,               0.009904
                     14,                 1.7115,                 1.9782,                 2.0739,                0.58048,                0.59515,                0.57107,                0.26943,                   1.76,                 1.7963,                 2.1412,               0.009896,               0.009896,               0.009896
                     15,                 1.6987,                 1.9617,                 2.0494,                0.38961,                0.14338,                0.04243,                0.01619,                 2.8489,                 4.9261,                 3.2865,               0.009888,               0.009888,               0.009888
                     16,                 1.6657,                 1.9091,                 2.0269,                0.41333,                0.42431,                 0.3367,                0.12784,                 2.2708,                 2.8598,                 2.6396,                0.00988,                0.00988,                0.00988
                     17,                 1.6611,                 1.8937,                 2.0041,                 0.6241,                0.46294,                0.55802,                0.25386,                 1.8515,                 1.7549,                 2.2201,               0.009872,               0.009872,               0.009872
                     18,                 1.6564,                 1.8676,                 1.9833,                0.39715,                0.30546,                0.31051,                0.12477,                 2.0735,                 3.0402,                   2.56,               0.009864,               0.009864,               0.009864
                     19,                 1.6281,                 1.8552,                 1.9762,                0.59562,                0.35861,                0.39047,                0.16044,                 2.0661,                 2.4175,                 2.3561,               0.009856,               0.009856,               0.009856
                     20,                 1.6379,                 1.8347,                 1.9719,                0.33651,                0.30963,                0.24937,                 0.1106,                 2.0185,                 2.5271,                 2.3955,               0.009848,               0.009848,               0.009848
                     21,                 1.6223,                 1.8241,                 1.9513,                0.42339,                0.18014,                0.14441,                0.04511,                 2.3081,                 4.1154,                 2.9592,                0.00984,                0.00984,                0.00984
                     22,                 1.5874,                 1.7599,                 1.9237,                0.53445,                0.47252,                0.45262,                0.18025,                 2.0772,                 2.1225,                 2.4018,               0.009832,               0.009832,               0.009832
                     23,                 1.5952,                   1.78,                 1.9311,                0.47253,                0.50981,                0.43923,                0.18797,                 1.8597,                   2.08,                 2.2199,               0.009824,               0.009824,               0.009824
                     24,                 1.5802,                 1.7787,                 1.9281,                0.51934,                0.38679,                0.44669,                 0.2193,                 2.0066,                  2.146,                 2.3978,               0.009816,               0.009816,               0.009816
                     25,                  1.572,                 1.7523,                 1.9184,                0.69364,                0.60954,                0.65524,                0.33295,                 1.6435,                  1.606,                 2.0012,               0.009808,               0.009808,               0.009808
                     26,                 1.5594,                  1.723,                 1.8923,                0.68151,                0.33929,                0.36673,                0.13049,                 2.3908,                 2.5585,                 2.6492,                 0.0098,                 0.0098,                 0.0098
                     27,                 1.5552,                 1.7148,                 1.8985,                0.49147,                0.58216,                0.57034,                0.26034,                 1.8719,                  1.974,                 2.1981,               0.009792,               0.009792,               0.009792
                     28,                 1.5605,                 1.7132,                 1.8915,                0.71807,                0.09804,                0.12508,                0.05516,                 2.3428,                 3.8809,                 2.8286,               0.009784,               0.009784,               0.009784
                     29,                 1.5351,                 1.6787,                 1.8729,                0.47126,                0.64602,                0.64259,                0.28241,                 1.7745,                 1.7241,                 2.0238,               0.009776,               0.009776,               0.009776
                     30,                 1.5352,                 1.7057,                 1.8854,                0.86175,                0.21487,                0.39179,                0.19854,                 1.7323,                 2.3067,                  2.147,               0.009768,               0.009768,               0.009768
                     31,                 1.5481,                 1.6742,                 1.8797,                0.73486,                0.52323,                0.68174,                 0.3635,                 1.5737,                 1.4651,                 1.8678,                0.00976,                0.00976,                0.00976
                     32,                 1.5304,                 1.6425,                 1.8538,                0.62062,                0.70179,                0.70754,                0.32516,                 1.7592,                 1.5898,                 2.0782,               0.009752,               0.009752,               0.009752
                     33,                 1.5036,                 1.6437,                 1.8318,                0.18441,                0.05882,                0.01545,                0.00586,                  2.601,                 5.5763,                 3.1976,               0.009744,               0.009744,               0.009744
                     34,                 1.5206,                 1.6295,                  1.843,                0.47779,                0.48513,                0.52285,                0.20439,                 2.0406,                  2.056,                 2.3738,               0.009736,               0.009736,               0.009736
                     35,                 1.5201,                 1.6511,                 1.8537,                0.57913,                0.81557,                0.74989,                0.41903,                 1.5323,                 1.3636,                 1.8539,               0.009728,               0.009728,               0.009728
                     36,                 1.5019,                 1.6298,                 1.8456,                0.54984,                0.51696,                0.53626,                0.25364,                 1.8045,                 1.7499,                 2.0707,                0.00972,                0.00972,                0.00972
                     37,                 1.4957,                 1.6123,                 1.8337,                0.59606,                0.25994,                0.34549,                0.15245,                 2.1977,                 3.0024,                 2.4966,               0.009712,               0.009712,               0.009712
                     38,                 1.4944,                 1.5941,                 1.8168,                0.85811,                0.59856,                0.66394,                0.33757,                 1.6747,                 1.4569,                 1.9708,               0.009704,               0.009704,               0.009704
                     39,                 1.4962,                 1.6155,                 1.8243,                0.62187,                0.72526,                0.70193,                0.37829,                 1.6233,                 1.3169,                  1.894,               0.009696,               0.009696,               0.009696
                     40,                 1.5036,                 1.6022,                 1.8154,                0.54694,                0.77335,                0.68405,                0.32998,                  1.662,                 1.3771,                 1.9151,               0.009688,               0.009688,               0.009688
                     41,                 1.4876,                 1.5902,                 1.8149,                0.53752,                0.27609,                0.22933,                0.07241,                 2.3634,                 4.3143,                 2.7973,                0.00968,                0.00968,                0.00968
                     42,                  1.485,                 1.5834,                 1.8112,                0.51684,                0.50913,                0.50702,                0.23773,                 2.0697,                 1.6594,                  2.334,               0.009672,               0.009672,               0.009672
                     43,                 1.4786,                 1.5982,                 1.7908,                0.58571,                0.69413,                  0.676,                0.37363,                 1.6097,                 1.4576,                 1.8728,               0.009664,               0.009664,               0.009664
                     44,                 1.4955,                 1.5564,                 1.7992,                0.48511,                0.71757,                 0.6865,                0.38191,                 1.5312,                 1.4028,                 1.7997,               0.009656,               0.009656,               0.009656
                     45,                  1.471,                 1.5525,                  1.789,                0.40045,                0.50604,                0.49632,                0.21187,                 2.0415,                 1.9026,                 2.2456,               0.009648,               0.009648,               0.009648
                     46,                 1.4739,                 1.5399,                 1.7909,                0.49636,                0.56563,                0.59927,                0.25565,                 2.0394,                 1.6078,                 2.2741,                0.00964,                0.00964,                0.00964
                     47,                 1.4817,                 1.5621,                 1.8019,                0.40415,                0.41783,                0.40336,                0.20153,                 1.8902,                 2.4594,                  2.261,               0.009632,               0.009632,               0.009632
                     48,                 1.4516,                 1.5241,                 1.7689,                0.67727,                0.55359,                0.64663,                0.29267,                 1.7926,                 1.6282,                 2.0986,               0.009624,               0.009624,               0.009624
                     49,                 1.4476,                 1.5347,                 1.7717,                 0.7957,                0.14211,                0.30537,                0.08979,                 2.0697,                 3.9858,                 2.6292,               0.009616,               0.009616,               0.009616
                     50,                 1.4622,                 1.5596,                 1.7787,                0.66838,                0.68039,                0.69351,                0.31904,                 1.7432,                 1.5113,                 2.0625,               0.009608,               0.009608,               0.009608
                     51,                 1.4497,                 1.5263,                 1.7744,                0.59782,                0.40986,                0.52612,                0.21701,                 2.1551,                 2.4284,                 2.4293,                 0.0096,                 0.0096,                 0.0096
                     52,                 1.4439,                 1.5503,                 1.7749,                0.59832,                0.66118,                0.74392,                0.35352,                 1.7756,                   1.39,                 2.0279,               0.009592,               0.009592,               0.009592
                     53,                 1.4349,                  1.523,                 1.7602,                0.53229,                0.42761,                0.41032,                0.19868,                 1.9199,                 2.2528,                 2.2218,               0.009584,               0.009584,               0.009584
                     54,                 1.4606,                 1.5238,                 1.7673,                0.55443,                0.80661,                 0.7317,                0.38292,                 1.5565,                 1.2543,                 1.8347,               0.009576,               0.009576,               0.009576
                     55,                  1.445,                 1.5135,                  1.762,                0.68872,                0.79895,                0.77601,                0.39951,                 1.5954,                 1.3524,                 1.8492,               0.009568,               0.009568,               0.009568
                     56,                 1.4511,                 1.5097,                  1.764,                0.51312,                0.76281,                0.71446,                0.42684,                 1.4441,                 1.2642,                 1.7709,                0.00956,                0.00956,                0.00956
                     57,                 1.4535,                 1.5006,                 1.7621,                0.75173,                0.48992,                0.60096,                0.27104,                 1.8482,                 2.0002,                 2.1035,               0.009552,               0.009552,               0.009552
                     58,                 1.4454,                 1.5003,                 1.7594,                0.37004,                0.33316,                0.25848,                 0.1169,                 1.9867,                 2.9795,                 2.3484,               0.009544,               0.009544,               0.009544
                     59,                 1.4361,                 1.4904,                 1.7531,                0.65433,                 0.5856,                 0.6849,                0.31412,                 1.7739,                 1.6758,                 2.0925,               0.009536,               0.009536,               0.009536
                     60,                 1.4138,                 1.4671,                 1.7379,                0.57673,                0.69621,                0.73728,                0.35887,                 1.6728,                 1.3699,                 1.9742,               0.009528,               0.009528,               0.009528
                     61,                 1.4404,                 1.4739,                 1.7565,                0.83276,                0.65981,                0.73354,                0.37668,                 1.5377,                 1.2802,                 1.8592,                0.00952,                0.00952,                0.00952
                     62,                 1.4367,                 1.4745,                 1.7471,                0.73044,                0.23241,                0.26016,                 0.1063,                 2.3229,                 3.2539,                 2.5617,               0.009512,               0.009512,               0.009512
                     63,                 1.4374,                 1.4679,                 1.7475,                0.68756,                0.40189,                 0.3887,                0.13007,                 2.1406,                 2.6917,                 2.4223,               0.009504,               0.009504,               0.009504
                     64,                 1.4132,                 1.4665,                 1.7356,                 0.6341,                0.86305,                0.81495,                0.44526,                 1.4442,                 1.1252,                 1.7416,               0.009496,               0.009496,               0.009496
                     65,                 1.4335,                 1.4602,                 1.7507,                0.66942,                0.79644,                0.77736,                0.42736,                 1.4795,                 1.2184,                 1.8396,               0.009488,               0.009488,               0.009488
                     66,                 1.4299,                 1.4288,                 1.7415,                0.72248,                0.70571,                0.76103,                0.39051,                 1.6556,                 1.2798,                  1.916,                0.00948,                0.00948,                0.00948
                     67,                 1.4131,                 1.4475,                 1.7387,                0.56706,                0.61177,                0.69859,                0.32096,                 1.8116,                 1.5862,                 2.1252,               0.009472,               0.009472,               0.009472
                     68,                 1.4207,                  1.445,                 1.7301,                0.78664,                0.76976,                0.85726,                0.45884,                 1.5217,                 1.2328,                 1.8054,               0.009464,               0.009464,               0.009464
                     69,                 1.4127,                  1.437,                 1.7263,                 0.6275,                0.71982,                0.71746,                0.40473,                 1.4614,                  1.212,                 1.7427,               0.009456,               0.009456,               0.009456
                     70,                 1.4025,                 1.4076,                 1.7137,                0.84914,                0.60109,                0.72494,                0.40191,                 1.5767,                  1.299,                 1.9048,               0.009448,               0.009448,               0.009448
                     71,                  1.427,                 1.4405,                 1.7335,                0.54561,                0.41579,                0.39546,                0.17745,                 2.3355,                 2.5427,                 2.5539,                0.00944,                0.00944,                0.00944
                     72,                 1.4035,                 1.4293,                 1.7268,                 0.4514,                0.31431,                0.27715,                0.11844,                 2.1583,                 3.0963,                 2.5364,               0.009432,               0.009432,               0.009432
                     73,                 1.4111,                 1.4029,                 1.7136,                0.54077,                0.69458,                0.66089,                0.34784,                 1.6471,                 1.4135,                 1.9521,               0.009424,               0.009424,               0.009424
                     74,                 1.3921,                 1.4095,                 1.7154,                0.60465,                0.69928,                0.74383,                0.38712,                 1.6184,                  1.279,                 1.9425,               0.009416,               0.009416,               0.009416
                     75,                 1.4158,                 1.4361,                 1.7253,                0.34675,                0.07703,                0.01091,                0.00395,                 2.5029,                 5.7631,                  3.152,               0.009408,               0.009408,               0.009408
                     76,                 1.4105,                 1.4188,                  1.725,                0.63076,                0.70145,                0.73261,                0.41725,                  1.447,                 1.1761,                 1.7916,                 0.0094,                 0.0094,                 0.0094
                     77,                 1.3899,                 1.4031,                 1.7184,                 0.6292,                0.26094,                0.30371,                0.12731,                 2.1411,                 2.5436,                 2.6211,               0.009392,               0.009392,               0.009392
                     78,                 1.4017,                 1.4055,                  1.716,                0.70239,                0.71072,                0.76132,                0.41588,                 1.5378,                 1.0815,                 1.8314,               0.009384,               0.009384,               0.009384
                     79,                 1.4096,                  1.397,                 1.7194,                0.83487,                0.42098,                0.62302,                0.33505,                 1.6309,                 1.8313,                 1.9505,               0.009376,               0.009376,               0.009376
                     80,                 1.4048,                    1.4,                 1.7148,                0.74547,                0.63414,                0.75903,                0.39517,                 1.5487,                 1.1876,                 1.8563,               0.009368,               0.009368,               0.009368
                     81,                 1.4014,                 1.4186,                 1.7102,                0.57721,                0.79631,                0.76717,                0.36145,                 1.6522,                 1.2978,                 1.9572,                0.00936,                0.00936,                0.00936
                     82,                 1.3964,                 1.4011,                   1.71,                0.39297,                0.47242,                0.45228,                0.19529,                 2.1055,                 1.9715,                 2.3772,               0.009352,               0.009352,               0.009352
                     83,                  1.396,                 1.3962,                 1.7045,                 0.4739,                0.56772,                0.50886,                0.20719,                 1.9793,                 2.0505,                 2.3301,               0.009344,               0.009344,               0.009344
                     84,                 1.3943,                  1.407,                 1.7137,                0.54421,                0.70798,                0.68848,                0.37574,                 1.6063,                  1.289,                 1.8877,               0.009336,               0.009336,               0.009336
                     85,                 1.3818,                 1.3903,                 1.7069,                0.70407,                0.78914,                 0.8154,                0.47456,                 1.3761,                 1.1833,                  1.679,               0.009328,               0.009328,               0.009328
                     86,                 1.3913,                 1.3892,                 1.7013,                0.69201,                0.81878,                0.80472,                0.45042,                 1.4222,                 1.1056,                 1.7416,                0.00932,                0.00932,                0.00932
                     87,                 1.3812,                 1.3866,                 1.7085,                0.62546,                0.62451,                 0.6564,                0.32917,                 1.7643,                 1.3035,                 2.1119,               0.009312,               0.009312,               0.009312
                     88,                 1.3849,                 1.3775,                 1.6947,                0.70716,                0.69914,                0.75223,                0.40341,                 1.5977,                 1.1548,                 1.9087,               0.009304,               0.009304,               0.009304
                     89,                 1.3866,                   1.39,                 1.7135,                0.86675,                0.54429,                0.70895,                0.39347,                 1.5192,                 1.1825,                 1.7437,               0.009296,               0.009296,               0.009296
                     90,                 1.3747,                 1.3663,                 1.6951,                0.71132,                0.53784,                0.63676,                0.32104,                  1.713,                 1.3411,                 2.0038,               0.009288,               0.009288,               0.009288
                     91,                 1.3868,                 1.3829,                 1.6949,                 0.6312,                0.65584,                 0.6998,                 0.4077,                 1.5482,                 1.2084,                 1.8209,                0.00928,                0.00928,                0.00928
                     92,                 1.3757,                 1.3546,                 1.6888,                0.82139,                0.73629,                0.83809,                0.46062,                 1.5038,                 1.1277,                 1.7705,               0.009272,               0.009272,               0.009272
                     93,                 1.3893,                 1.3887,                 1.7039,                0.38536,                0.52806,                 0.4201,                0.19376,                 1.9542,                 2.1977,                 2.2993,               0.009264,               0.009264,               0.009264
                     94,                  1.376,                 1.3616,                 1.6981,                0.61188,                0.65705,                0.72435,                0.38312,                 1.6135,                 1.2624,                 1.8964,               0.009256,               0.009256,               0.009256
                     95,                  1.382,                 1.3745,                 1.6946,                0.51642,                0.45028,                0.49681,                 0.2524,                 1.9621,                  1.899,                 2.3214,               0.009248,               0.009248,               0.009248
                     96,                 1.3754,                 1.3582,                 1.6822,                0.58875,                0.75462,                0.76306,                0.40237,                 1.5614,                 1.2438,                 1.8895,                0.00924,                0.00924,                0.00924
                     97,                 1.3751,                 1.3633,                 1.6765,                0.61001,                0.63213,                0.64759,                0.31055,                 1.6845,                 1.3938,                 2.0117,               0.009232,               0.009232,               0.009232
                     98,                  1.378,                 1.3632,                 1.6959,                0.72917,                0.71178,                0.77205,                0.42574,                 1.5455,                 1.2794,                 1.8214,               0.009224,               0.009224,               0.009224
                     99,                 1.3764,                 1.3542,                 1.6806,                0.61528,                0.35359,                0.44607,                0.20493,                 1.9629,                 2.3001,                 2.3072,               0.009216,               0.009216,               0.009216
                    100,                 1.3613,                 1.3249,                 1.6643,                0.74694,                0.77331,                0.86937,                0.47401,                 1.5102,                 1.0213,                 1.7888,               0.009208,               0.009208,               0.009208
                    101,                 1.3691,                 1.3562,                 1.6923,                0.58761,                0.61122,                 0.6518,                 0.2919,                 1.8234,                 1.4013,                 2.1177,                 0.0092,                 0.0092,                 0.0092
                    102,                 1.3671,                 1.3682,                 1.6972,                0.63089,                0.77763,                0.79309,                0.43916,                 1.4485,                 1.0906,                 1.7464,               0.009192,               0.009192,               0.009192
                    103,                 1.3613,                 1.3403,                  1.681,                0.80726,                0.14706,                0.26318,                 0.1311,                 2.3431,                 3.9253,                 2.7308,               0.009184,               0.009184,               0.009184
                    104,                 1.3635,                 1.3311,                 1.6736,                0.86127,                0.14566,                0.22801,                0.08051,                 2.4703,                 3.3268,                 2.6615,               0.009176,               0.009176,               0.009176
                    105,                 1.3618,                 1.3358,                  1.675,                0.67227,                0.41082,                0.51658,                0.25046,                 1.9074,                 2.1841,                 2.2454,               0.009168,               0.009168,               0.009168
                    106,                 1.3643,                 1.3484,                 1.6817,                0.58162,                0.81945,                0.79299,                0.42021,                 1.5997,                 1.1998,                 1.8514,                0.00916,                0.00916,                0.00916
                    107,                 1.3588,                 1.3498,                  1.666,                0.64441,                0.76962,                0.76943,                0.42817,                 1.4786,                 1.0739,                 1.7251,               0.009152,               0.009152,               0.009152
                    108,                 1.3479,                 1.3236,                 1.6818,                0.68936,                  0.635,                0.76598,                 0.3749,                  1.664,                 1.3234,                 1.9046,               0.009144,               0.009144,               0.009144
                    109,                  1.349,                 1.3186,                 1.6622,                0.63016,                0.74393,                0.75484,                0.37435,                 1.5774,                 1.2214,                 1.8415,               0.009136,               0.009136,               0.009136
                    110,                 1.3544,                 1.3228,                 1.6652,                0.70355,                0.78782,                0.85212,                0.46839,                 1.5505,                 1.0925,                 1.8455,               0.009128,               0.009128,               0.009128
                    111,                 1.3582,                 1.3235,                  1.671,                0.74902,                0.74444,                0.78898,                0.43652,                 1.4913,                 1.0833,                 1.7828,                0.00912,                0.00912,                0.00912
                    112,                 1.3519,                 1.3111,                 1.6585,                 0.5614,                0.76025,                0.71485,                0.36257,                  1.647,                 1.1924,                 1.9724,               0.009112,               0.009112,               0.009112
                    113,                 1.3643,                 1.3187,                 1.6607,                0.66634,                0.46711,                0.53988,                0.23753,                 1.8336,                 1.6401,                 2.1143,               0.009104,               0.009104,               0.009104
                    114,                 1.3648,                 1.3149,                 1.6638,                0.59006,                0.77038,                0.72851,                0.41517,                 1.5958,                 1.1169,                 1.8695,               0.009096,               0.009096,               0.009096
                    115,                 1.3689,                 1.3209,                 1.6751,                0.39366,                0.61615,                 0.5699,                0.29426,                 1.8996,                 1.6746,                 2.2267,               0.009088,               0.009088,               0.009088
                    116,                 1.3594,                 1.3123,                 1.6662,                0.64517,                0.69463,                0.71101,                0.40293,                 1.5188,                 1.2378,                 1.8865,                0.00908,                0.00908,                0.00908
                    117,                 1.3513,                 1.3244,                 1.6577,                0.74463,                0.75252,                0.84412,                0.40918,                 1.5964,                 1.2151,                 1.8918,               0.009072,               0.009072,               0.009072
                    118,                 1.3401,                 1.2941,                 1.6583,                0.74567,                0.66294,                0.76657,                0.40636,                 1.5147,                 1.2299,                 1.8459,               0.009064,               0.009064,               0.009064
                    119,                 1.3531,                 1.3118,                  1.659,                0.68026,                0.79668,                0.75564,                0.42378,                 1.5176,                 1.1253,                 1.8142,               0.009056,               0.009056,               0.009056
                    120,                 1.3605,                 1.3069,                 1.6686,                 0.7048,                0.74282,                0.76494,                 0.4202,                 1.6272,                  1.208,                 1.8739,               0.009048,               0.009048,               0.009048
                    121,                  1.362,                 1.3126,                 1.6709,                0.56531,                0.79123,                0.74404,                0.39973,                 1.5731,                  1.139,                 1.8526,                0.00904,                0.00904,                0.00904
                    122,                 1.3472,                 1.3063,                 1.6573,                 0.7254,                 0.7492,                0.82602,                0.42553,                 1.5356,                 1.1356,                 1.8189,               0.009032,               0.009032,               0.009032
                    123,                 1.3497,                 1.2981,                 1.6655,                0.58484,                0.74517,                0.75965,                0.41267,                 1.5063,                 1.1221,                 1.8023,               0.009024,               0.009024,               0.009024
                    124,                 1.3477,                 1.2847,                 1.6599,                0.83027,                0.72671,                0.81067,                0.45453,                 1.5198,                 1.0973,                 1.8137,               0.009016,               0.009016,               0.009016
                    125,                 1.3585,                 1.3287,                 1.6645,                0.72299,                0.73348,                0.76662,                0.40287,                 1.5983,                 1.1469,                 1.8714,               0.009008,               0.009008,               0.009008
                    126,                 1.3322,                 1.2915,                 1.6465,                0.62441,                0.78205,                0.77945,                0.40952,                 1.5946,                 1.1077,                 1.8848,                  0.009,                  0.009,                  0.009
                    127,                  1.342,                 1.2896,                 1.6574,                0.57544,                0.65616,                0.67692,                0.36172,                 1.6574,                 1.2312,                 1.9463,               0.008992,               0.008992,               0.008992
                    128,                   1.33,                 1.2903,                 1.6496,                0.63524,                0.76178,                0.76599,                0.39762,                 1.5417,                 1.1829,                 1.8069,               0.008984,               0.008984,               0.008984
                    129,                 1.3364,                 1.2799,                 1.6527,                0.59238,                0.52386,                0.59776,                0.28054,                 1.8345,                 1.6287,                 2.1431,               0.008976,               0.008976,               0.008976
                    130,                 1.3449,                 1.3008,                 1.6737,                0.57741,                0.82777,                0.76895,                0.42703,                 1.5134,                 1.1025,                  1.796,               0.008968,               0.008968,               0.008968
                    131,                 1.3487,                 1.2909,                 1.6665,                0.52606,                0.73267,                0.68229,                0.33855,                 1.6017,                 1.3667,                 1.9465,                0.00896,                0.00896,                0.00896
                    132,                 1.3305,                 1.2924,                  1.641,                0.68559,                0.69296,                0.73657,                0.39628,                 1.6564,                 1.1498,                 1.9647,               0.008952,               0.008952,               0.008952
                    133,                 1.3323,                 1.2736,                 1.6384,                0.79797,                0.79204,                0.82749,                0.44976,                 1.5355,                  1.055,                 1.8069,               0.008944,               0.008944,               0.008944
                    134,                 1.3421,                 1.2926,                 1.6503,                0.68805,                0.82951,                 0.8392,                0.44423,                 1.5425,                   1.14,                 1.8245,               0.008936,               0.008936,               0.008936
                    135,                 1.3375,                 1.2897,                 1.6518,                0.64359,                0.73898,                0.80095,                0.43557,                 1.4694,                 1.1531,                 1.8181,               0.008928,               0.008928,               0.008928
                    136,                 1.3169,                 1.2458,                  1.633,                 0.5967,                0.78545,                0.78175,                0.44758,                 1.5423,                 1.1053,                 1.8604,                0.00892,                0.00892,                0.00892
                    137,                 1.3365,                 1.2752,                  1.647,                0.62755,                0.78221,                0.73686,                0.40031,                 1.5912,                 1.1585,                 1.9333,               0.008912,               0.008912,               0.008912
                    138,                 1.3237,                 1.2688,                  1.636,                0.58023,                0.56228,                0.65022,                0.31137,                 1.8163,                 1.4556,                 2.1387,               0.008904,               0.008904,               0.008904
                    139,                 1.3287,                 1.2604,                 1.6413,                0.66749,                0.84192,                0.79847,                0.45269,                 1.5112,                0.99577,                 1.8084,               0.008896,               0.008896,               0.008896
                    140,                 1.3389,                 1.2813,                 1.6486,                0.71555,                0.68103,                0.80239,                0.37628,                 1.5607,                 1.2097,                 1.8874,               0.008888,               0.008888,               0.008888
                    141,                 1.3396,                 1.2773,                 1.6458,                0.68487,                0.79847,                0.79091,                0.43318,                 1.5222,                 1.0501,                 1.7908,                0.00888,                0.00888,                0.00888
                    142,                 1.3204,                 1.2701,                  1.632,                0.63074,                0.81309,                0.70882,                0.37349,                 1.6319,                 1.1164,                 1.9813,               0.008872,               0.008872,               0.008872
                    143,                 1.3289,                 1.2494,                 1.6414,                0.74384,                0.79173,                0.78792,                0.46208,                 1.4618,                 1.0837,                 1.7772,               0.008864,               0.008864,               0.008864
                    144,                 1.3115,                 1.2525,                 1.6323,                0.62418,                0.78871,                0.80447,                0.46402,                 1.5094,                 1.0229,                 1.8021,               0.008856,               0.008856,               0.008856
                    145,                 1.3189,                 1.2498,                 1.6305,                0.72543,                0.75322,                0.79884,                0.46219,                 1.4989,                 1.0202,                 1.7904,               0.008848,               0.008848,               0.008848
                    146,                  1.313,                 1.2513,                 1.6229,                0.65315,                0.74071,                0.70615,                0.40649,                  1.571,                 1.0762,                 1.8955,                0.00884,                0.00884,                0.00884
                    147,                 1.3138,                 1.2549,                 1.6314,                0.65187,                0.79323,                0.76011,                 0.4099,                 1.5931,                 1.1405,                 1.8952,               0.008832,               0.008832,               0.008832
                    148,                 1.3115,                 1.2617,                 1.6393,                0.67749,                0.80521,                 0.7881,                0.43617,                 1.4999,                 1.0373,                 1.8337,               0.008824,               0.008824,               0.008824
                    149,                 1.3165,                 1.2553,                 1.6334,                0.68978,                0.69893,                0.77393,                0.45493,                 1.4722,                   1.08,                  1.765,               0.008816,               0.008816,               0.008816
                    150,                 1.3194,                 1.2544,                 1.6479,                0.64243,                0.73629,                0.79002,                0.46741,                 1.4557,                 1.0051,                  1.775,               0.008808,               0.008808,               0.008808
                    151,                 1.3304,                 1.2733,                 1.6491,                0.66668,                0.70566,                0.76665,                0.42399,                 1.5244,                 1.0741,                 1.8116,                 0.0088,                 0.0088,                 0.0088
                    152,                 1.3232,                 1.2463,                 1.6411,                0.62892,                 0.7461,                0.75944,                0.38127,                 1.6313,                 1.1323,                 1.9309,               0.008792,               0.008792,               0.008792
                    153,                 1.3196,                 1.2547,                 1.6456,                0.74207,                0.76386,                0.82952,                 0.4578,                 1.5065,                   1.04,                 1.7876,               0.008784,               0.008784,               0.008784
                    154,                  1.311,                 1.2302,                 1.6318,                0.67828,                0.69372,                0.76437,                0.43116,                 1.5486,                 1.1026,                 1.8214,               0.008776,               0.008776,               0.008776
                    155,                 1.3171,                 1.2618,                  1.639,                0.82817,                0.72418,                 0.7956,                0.47268,                 1.4701,                 1.0273,                 1.7404,               0.008768,               0.008768,               0.008768
                    156,                 1.3001,                  1.231,                 1.6202,                0.71271,                0.77145,                0.79555,                0.47805,                 1.3859,                 0.9855,                 1.7245,                0.00876,                0.00876,                0.00876
                    157,                 1.3053,                 1.2339,                 1.6194,                0.58726,                0.79949,                0.75561,                0.43786,                 1.4801,                  1.103,                 1.7592,               0.008752,               0.008752,               0.008752
                    158,                 1.3181,                 1.2255,                 1.6326,                0.59862,                0.68591,                0.72309,                0.44076,                 1.4614,                  1.128,                 1.7838,               0.008744,               0.008744,               0.008744
                    159,                 1.3128,                 1.2462,                 1.6332,                0.66214,                0.74398,                0.74917,                0.42684,                 1.5073,                 1.0854,                 1.8236,               0.008736,               0.008736,               0.008736
                    160,                 1.3108,                 1.2157,                 1.6225,                0.70026,                0.67249,                0.76196,                0.42256,                 1.4591,                 1.0416,                 1.7465,               0.008728,               0.008728,               0.008728
                    161,                  1.299,                 1.2229,                 1.6115,                0.67575,                0.78313,                0.78217,                0.44953,                 1.4655,                 1.0198,                 1.7771,                0.00872,                0.00872,                0.00872
                    162,                 1.3166,                 1.2224,                 1.6216,                0.66579,                0.76935,                0.76273,                0.41818,                  1.557,                 1.0929,                 1.8643,               0.008712,               0.008712,               0.008712
                    163,                 1.3099,                 1.2331,                  1.616,                0.63389,                0.78011,                0.77679,                0.44931,                 1.4343,                 1.0426,                 1.7558,               0.008704,               0.008704,               0.008704
                    164,                 1.2954,                  1.212,                 1.6096,                0.61371,                0.76659,                0.78391,                0.43072,                  1.503,                 1.0664,                 1.8267,               0.008696,               0.008696,               0.008696
                    165,                 1.3162,                 1.2648,                 1.6324,                0.68089,                0.70632,                0.76155,                0.46059,                 1.4183,                 1.0239,                 1.7215,               0.008688,               0.008688,               0.008688
                    166,                  1.311,                 1.2238,                 1.6235,                0.70284,                 0.7214,                0.80748,                0.45096,                 1.5397,                 1.0477,                 1.8341,                0.00868,                0.00868,                0.00868
                    167,                 1.3162,                 1.2413,                 1.6234,                0.55249,                 0.8146,                0.74635,                 0.4258,                  1.496,                 1.0837,                 1.8164,               0.008672,               0.008672,               0.008672
                    168,                 1.2976,                 1.2167,                 1.6128,                0.64665,                0.69615,                0.73709,                0.39525,                  1.508,                 1.1496,                 1.8269,               0.008664,               0.008664,               0.008664
                    169,                 1.3171,                 1.2514,                 1.6243,                0.80301,                0.67341,                0.78809,                0.44662,                 1.4928,                 1.0117,                 1.8144,               0.008656,               0.008656,               0.008656
                    170,                 1.3026,                   1.22,                 1.6263,                0.56672,                0.69324,                 0.6423,                0.30287,                 1.8058,                 1.3022,                 2.1146,               0.008648,               0.008648,               0.008648
                    171,                 1.2966,                 1.2257,                 1.6127,                0.66105,                0.82368,                0.83655,                0.43925,                 1.4656,                 1.0048,                 1.7581,                0.00864,                0.00864,                0.00864
                    172,                 1.3059,                  1.203,                 1.6271,                0.62502,                0.79061,                0.73729,                0.40533,                 1.5154,                 1.1749,                 1.7633,               0.008632,               0.008632,               0.008632
                    173,                  1.295,                 1.2164,                 1.6197,                0.57418,                0.80543,                0.78994,                0.40864,                  1.556,                  1.117,                 1.8536,               0.008624,               0.008624,               0.008624
                    174,                 1.2917,                 1.2159,                 1.6149,                0.56258,                0.58446,                 0.6383,                0.31501,                 1.6834,                 1.3166,                 1.9052,               0.008616,               0.008616,               0.008616
                    175,                 1.2938,                 1.1964,                 1.5916,                0.64997,                0.77081,                0.76888,                0.43133,                 1.4916,                 1.0935,                 1.7647,               0.008608,               0.008608,               0.008608
                    176,                 1.3089,                 1.2193,                 1.6318,                0.66319,                0.75531,                0.78685,                0.43694,                 1.4961,                 1.1518,                 1.7892,                 0.0086,                 0.0086,                 0.0086
                    177,                 1.2973,                 1.2169,                 1.6159,                0.61524,                0.77573,                  0.782,                0.37289,                 1.5799,                  1.132,                 1.8536,               0.008592,               0.008592,               0.008592
                    178,                 1.2975,                 1.2026,                 1.6066,                0.61467,                0.81878,                0.77316,                0.42006,                 1.5322,                 1.0498,                  1.816,               0.008584,               0.008584,               0.008584
                    179,                 1.2919,                 1.1998,                 1.6141,                0.61594,                0.78313,                0.76056,                0.45196,                 1.4372,                 1.0431,                 1.7575,               0.008576,               0.008576,               0.008576
                    180,                 1.2818,                 1.1698,                 1.5976,                0.64673,                 0.8366,                0.79095,                0.43752,                 1.4414,                 1.0439,                 1.7786,               0.008568,               0.008568,               0.008568
                    181,                 1.2841,                 1.2051,                 1.6159,                0.63288,                0.81865,                0.78563,                 0.4375,                 1.4813,                 1.0094,                 1.7994,                0.00856,                0.00856,                0.00856
                    182,                 1.2834,                 1.1882,                  1.598,                0.69817,                0.80756,                0.80847,                0.49752,                 1.4124,                0.95118,                 1.7265,               0.008552,               0.008552,               0.008552
                    183,                 1.2897,                 1.1974,                 1.5977,                0.67871,                0.82215,                0.78619,                0.46018,                 1.4985,                 1.0179,                 1.8196,               0.008544,               0.008544,               0.008544
                    184,                 1.3013,                 1.2055,                 1.6121,                0.54682,                0.79656,                0.73339,                0.39159,                  1.525,                 1.1055,                 1.8107,               0.008536,               0.008536,               0.008536
                    185,                 1.3044,                 1.2017,                 1.6129,                0.60256,                 0.8163,                0.76619,                0.45782,                   1.47,                 1.0583,                 1.7282,               0.008528,               0.008528,               0.008528
                    186,                 1.2816,                 1.2052,                 1.6007,                0.69652,                0.78174,                0.76741,                0.43172,                  1.415,                 1.0642,                 1.7158,                0.00852,                0.00852,                0.00852
                    187,                 1.2952,                 1.1922,                 1.6001,                0.62955,                0.82134,                0.77612,                0.43502,                 1.4694,                 1.1217,                 1.7725,               0.008512,               0.008512,               0.008512
                    188,                 1.2952,                 1.1908,                 1.6059,                0.65466,                0.71649,                0.75633,                0.40736,                 1.5165,                 1.1378,                  1.863,               0.008504,               0.008504,               0.008504
                    189,                 1.2961,                 1.2074,                 1.6008,                0.69481,                0.68613,                0.81425,                0.43278,                 1.4886,                 1.0689,                 1.8063,               0.008496,               0.008496,               0.008496
                    190,                  1.279,                 1.2049,                 1.6033,                0.72168,                0.84594,                0.82439,                0.44218,                 1.5453,                 1.0485,                  1.848,               0.008488,               0.008488,               0.008488
                    191,                 1.2837,                 1.1848,                 1.6066,                0.65893,                0.75127,                0.78355,                0.44079,                 1.5067,                 1.1061,                 1.7955,                0.00848,                0.00848,                0.00848
                    192,                 1.2908,                  1.181,                 1.5903,                0.60193,                0.80611,                0.76447,                0.42983,                 1.4825,                 1.1129,                 1.7611,               0.008472,               0.008472,               0.008472
                    193,                 1.2819,                 1.1917,                 1.5962,                0.57203,                0.82169,                0.75654,                0.41063,                 1.4741,                  1.093,                 1.7929,               0.008464,               0.008464,               0.008464
                    194,                 1.2836,                 1.1881,                 1.5972,                0.69407,                0.81851,                0.81885,                0.45039,                 1.4751,                0.99669,                  1.774,               0.008456,               0.008456,               0.008456
                    195,                 1.2727,                 1.1806,                 1.6014,                0.70823,                0.75932,                0.80515,                0.43106,                 1.5482,                 1.0065,                 1.8393,               0.008448,               0.008448,               0.008448
                    196,                 1.2762,                 1.1717,                 1.5871,                0.73422,                0.75455,                0.81883,                0.45172,                 1.5315,                0.98243,                 1.8225,                0.00844,                0.00844,                0.00844
                    197,                 1.2652,                 1.1558,                 1.5826,                 0.6426,                0.57221,                0.66125,                0.34611,                 1.6179,                 1.2019,                 1.9218,               0.008432,               0.008432,               0.008432
                    198,                 1.2908,                   1.18,                 1.5953,                0.59264,                0.77467,                0.73202,                0.39091,                  1.593,                 1.0783,                 1.9131,               0.008424,               0.008424,               0.008424
                    199,                 1.2971,                 1.1907,                 1.6016,                 0.6965,                0.82367,                0.81848,                0.44877,                  1.485,                0.95841,                 1.7867,               0.008416,               0.008416,               0.008416
                    200,                 1.2679,                 1.1713,                 1.5889,                0.65512,                 0.8044,                0.82442,                0.44738,                 1.4661,                 1.0191,                 1.7707,               0.008408,               0.008408,               0.008408
                    201,                 1.2772,                 1.1771,                 1.5929,                 0.6665,                0.62701,                0.73056,                0.33707,                 1.6957,                 1.2676,                 1.9649,                 0.0084,                 0.0084,                 0.0084
                    202,                 1.2696,                 1.1682,                  1.592,                0.76747,                0.67175,                0.75333,                0.42028,                  1.486,                 1.1263,                 1.7268,               0.008392,               0.008392,               0.008392
                    203,                  1.264,                 1.1751,                 1.5869,                0.61901,                0.81755,                0.76054,                0.44562,                 1.4326,                 1.0567,                 1.7244,               0.008384,               0.008384,               0.008384
                    204,                 1.2686,                 1.1733,                 1.5871,                0.61691,                 0.8081,                0.79863,                0.47276,                 1.4441,                 0.9939,                  1.739,               0.008376,               0.008376,               0.008376
                    205,                 1.2848,                 1.1696,                 1.5995,                0.71515,                0.72156,                0.79203,                0.43962,                 1.5105,                 1.0358,                 1.8162,               0.008368,               0.008368,               0.008368
                    206,                 1.2731,                 1.1708,                  1.596,                0.57568,                0.86546,                0.78554,                 0.4298,                 1.5177,                 1.0934,                 1.8197,                0.00836,                0.00836,                0.00836
                    207,                 1.2747,                 1.1652,                  1.593,                0.68877,                0.78313,                0.80045,                0.45124,                 1.5062,                 1.0178,                 1.8024,               0.008352,               0.008352,               0.008352
                    208,                 1.2607,                 1.1593,                 1.5891,                0.65236,                0.76601,                0.76528,                0.46692,                  1.455,                 1.0312,                 1.7568,               0.008344,               0.008344,               0.008344
                    209,                 1.2647,                 1.1558,                 1.5848,                0.66416,                0.73876,                0.74028,                0.40675,                 1.5309,                  1.148,                 1.8407,               0.008336,               0.008336,               0.008336
                    210,                 1.2808,                 1.1792,                 1.6057,                0.70563,                0.74548,                0.79536,                0.44727,                 1.4793,                 1.0834,                 1.7614,               0.008328,               0.008328,               0.008328
                    211,                 1.2637,                 1.1484,                 1.5857,                0.60331,                0.77341,                0.80858,                0.41513,                 1.5222,                 1.0298,                 1.8363,                0.00832,                0.00832,                0.00832
                    212,                 1.2616,                  1.147,                 1.5915,                 0.6114,                0.76594,                0.72223,                0.42018,                 1.5439,                 1.1286,                 1.8458,               0.008312,               0.008312,               0.008312
                    213,                 1.2806,                  1.177,                  1.592,                 0.6319,                0.75852,                0.74828,                0.42873,                 1.4701,                  1.104,                 1.7498,               0.008304,               0.008304,               0.008304
                    214,                 1.2624,                 1.1585,                 1.5707,                0.59592,                0.78581,                0.77213,                0.40212,                 1.4546,                 1.1288,                 1.7344,               0.008296,               0.008296,               0.008296
                    215,                 1.2912,                 1.1694,                 1.5966,                0.64571,                0.81664,                0.75992,                0.42092,                 1.4295,                 1.0524,                 1.7332,               0.008288,               0.008288,               0.008288
                    216,                 1.2643,                 1.1542,                 1.5752,                 0.7424,                0.82313,                0.82145,                0.43525,                 1.4592,                 1.0296,                 1.7594,                0.00828,                0.00828,                0.00828
                    217,                 1.2777,                 1.1767,                 1.5947,                0.70139,                0.85026,                 0.8253,                0.44271,                 1.5191,                 1.0095,                 1.8438,               0.008272,               0.008272,               0.008272
                    218,                 1.2625,                 1.1512,                 1.5823,                0.65725,                0.79469,                0.79985,                0.44791,                 1.5121,                  1.011,                 1.8313,               0.008264,               0.008264,               0.008264
                    219,                 1.2713,                 1.1685,                  1.597,                 0.6875,                0.79174,                0.80427,                0.43536,                 1.5357,                 1.0634,                 1.8476,               0.008256,               0.008256,               0.008256
                    220,                  1.264,                 1.1562,                 1.5787,                0.72962,                0.72795,                0.78715,                0.45819,                 1.5378,                  1.071,                 1.8361,               0.008248,               0.008248,               0.008248
                    221,                 1.2624,                  1.152,                 1.5887,                0.62412,                0.76418,                0.79046,                0.43686,                 1.5479,                 1.0959,                 1.8224,                0.00824,                0.00824,                0.00824
                    222,                 1.2748,                 1.1517,                 1.5834,                0.70279,                0.78313,                0.83254,                 0.4022,                 1.5452,                 1.0957,                 1.8698,               0.008232,               0.008232,               0.008232
                    223,                 1.2612,                 1.1463,                 1.5759,                0.74964,                0.78305,                0.85787,                0.44585,                 1.5485,                 1.0365,                 1.8188,               0.008224,               0.008224,               0.008224
                    224,                 1.2582,                 1.1488,                  1.583,                0.69947,                 0.7796,                0.83196,                0.45005,                 1.5346,                0.98966,                 1.8233,               0.008216,               0.008216,               0.008216
                    225,                 1.2589,                 1.1416,                 1.5834,                0.76965,                0.74378,                0.81168,                0.46435,                 1.5556,                 1.0035,                 1.8492,               0.008208,               0.008208,               0.008208
                    226,                 1.2608,                 1.1468,                 1.5754,                0.67262,                0.79278,                0.81931,                0.45959,                 1.5016,                 1.0094,                 1.8072,                 0.0082,                 0.0082,                 0.0082
                    227,                 1.2555,                 1.1376,                 1.5631,                 0.5875,                0.82712,                0.76633,                0.42456,                 1.6159,                 1.0417,                 1.8957,               0.008192,               0.008192,               0.008192
                    228,                 1.2615,                 1.1404,                 1.5753,                 0.6452,                0.81076,                0.77363,                0.42182,                 1.5735,                 1.0063,                 1.9055,               0.008184,               0.008184,               0.008184
                    229,                 1.2609,                 1.1436,                 1.5667,                0.69413,                0.74362,                0.78906,                0.45377,                 1.5046,                 1.0506,                  1.818,               0.008176,               0.008176,               0.008176
                    230,                 1.2531,                 1.1416,                 1.5644,                0.66596,                0.76268,                 0.7784,                0.44635,                 1.5291,                 1.0754,                 1.8188,               0.008168,               0.008168,               0.008168
                    231,                 1.2656,                 1.1461,                 1.5739,                0.71826,                0.75582,                0.80878,                0.44081,                 1.4898,                 1.0727,                 1.7695,                0.00816,                0.00816,                0.00816
                    232,                 1.2367,                  1.125,                 1.5608,                0.63707,                0.86301,                0.84513,                 0.4214,                 1.5122,                 1.0673,                 1.7896,               0.008152,               0.008152,               0.008152
                    233,                 1.2567,                 1.1368,                 1.5755,                0.67712,                0.80485,                0.77112,                0.42045,                 1.5086,                 1.0634,                 1.7889,               0.008144,               0.008144,               0.008144
                    234,                 1.2457,                 1.1253,                 1.5677,                0.68725,                0.78031,                0.84132,                0.45233,                 1.4933,                 1.0291,                 1.8131,               0.008136,               0.008136,               0.008136
                    235,                 1.2533,                 1.1392,                 1.5771,                0.63958,                0.76001,                0.75602,                 0.4039,                 1.5531,                 1.1668,                 1.8412,               0.008128,               0.008128,               0.008128
                    236,                 1.2613,                 1.1375,                 1.5715,                0.69206,                0.80678,                 0.7978,                 0.4496,                 1.5085,                 1.0543,                 1.8116,                0.00812,                0.00812,                0.00812
                    237,                  1.247,                 1.1258,                 1.5627,                 0.6596,                0.79648,                0.78171,                0.45945,                 1.6037,                 1.0532,                 1.8804,               0.008112,               0.008112,               0.008112
                    238,                 1.2484,                 1.1261,                 1.5606,                 0.6181,                0.76739,                  0.786,                0.43117,                 1.6472,                 1.0795,                 1.9116,               0.008104,               0.008104,               0.008104
                    239,                 1.2458,                 1.1221,                 1.5622,                0.74536,                0.79476,                0.83047,                0.43593,                 1.5682,                 1.0738,                 1.8846,               0.008096,               0.008096,               0.008096
                    240,                 1.2574,                 1.1337,                 1.5702,                0.68882,                0.84194,                0.82841,                0.43591,                  1.605,                 1.0651,                 1.9247,               0.008088,               0.008088,               0.008088
                    241,                 1.2496,                 1.1221,                 1.5591,                0.68095,                 0.7613,                0.80261,                0.42424,                 1.5903,                 1.1235,                  1.877,                0.00808,                0.00808,                0.00808
                    242,                 1.2563,                 1.1176,                 1.5639,                0.68501,                0.78636,                0.76268,                0.43347,                 1.5671,                 1.1167,                  1.855,               0.008072,               0.008072,               0.008072
                    243,                 1.2362,                 1.1166,                   1.56,                0.68673,                0.79507,                0.79865,                0.43525,                 1.5352,                 1.0696,                 1.8428,               0.008064,               0.008064,               0.008064
                    244,                 1.2477,                 1.1172,                 1.5616,                0.61932,                0.78718,                0.77235,                0.43144,                 1.5911,                 1.0495,                 1.9144,               0.008056,               0.008056,               0.008056
                    245,                 1.2321,                 1.1042,                 1.5541,                0.65988,                0.82848,                0.81953,                0.44974,                 1.4948,                 1.0705,                 1.7902,               0.008048,               0.008048,               0.008048
                    246,                 1.2359,                 1.1112,                 1.5589,                0.66684,                0.76483,                0.82123,                0.42056,                 1.6313,                 1.0884,                 1.9146,                0.00804,                0.00804,                0.00804
                    247,                 1.2337,                 1.1137,                 1.5574,                0.65839,                0.80951,                 0.7951,                 0.4247,                  1.667,                 1.0171,                 1.9567,               0.008032,               0.008032,               0.008032
                    248,                 1.2357,                 1.1179,                 1.5526,                 0.7032,                0.76989,                0.79081,                0.43614,                 1.6066,                 1.0467,                 1.9292,               0.008024,               0.008024,               0.008024
                    249,                 1.2271,                 1.1148,                 1.5503,                0.67115,                0.81531,                 0.8009,                0.43099,                 1.6097,                 1.0792,                 1.9081,               0.008016,               0.008016,               0.008016
                    250,                 1.2416,                 1.1248,                 1.5668,                0.70559,                0.73482,                0.79255,                0.43792,                 1.5836,                 1.0786,                  1.902,               0.008008,               0.008008,               0.008008
                    251,                 1.2511,                 1.1062,                 1.5605,                0.73031,                0.78209,                0.80636,                 0.4385,                 1.5728,                 1.0994,                 1.8928,                  0.008,                  0.008,                  0.008
                    252,                 1.2333,                 1.1105,                 1.5518,                0.77356,                0.74153,                0.81803,                0.42986,                 1.5671,                 1.0468,                 1.9273,               0.007992,               0.007992,               0.007992
                    253,                 1.2446,                 1.1099,                 1.5552,                0.65097,                0.84882,                0.78966,                0.40412,                 1.5823,                 1.0818,                 1.9677,               0.007984,               0.007984,               0.007984
                    254,                 1.2515,                 1.1233,                 1.5606,                0.62879,                0.75751,                0.76007,                0.41152,                 1.6304,                 1.0818,                 1.9893,               0.007976,               0.007976,               0.007976
                    255,                 1.2431,                 1.1189,                 1.5538,                0.67308,                 0.8511,                0.80281,                0.40528,                 1.5984,                 1.1113,                 1.9383,               0.007968,               0.007968,               0.007968
                    256,                  1.228,                 1.0971,                 1.5556,                0.72986,                0.79765,                 0.7909,                0.43144,                 1.5812,                 1.0879,                 1.9205,                0.00796,                0.00796,                0.00796
                    257,                 1.2301,                 1.0877,                 1.5406,                0.71559,                0.82472,                 0.8135,                0.42112,                 1.6507,                 1.0259,                  1.999,               0.007952,               0.007952,               0.007952
                    258,                 1.2203,                 1.1016,                 1.5462,                0.64833,                0.79819,                0.78677,                0.41823,                 1.5875,                 1.0452,                 1.9044,               0.007944,               0.007944,               0.007944
                    259,                  1.247,                 1.1092,                 1.5569,                0.64175,                0.74407,                0.77384,                0.41698,                 1.5562,                 1.0844,                 1.9005,               0.007936,               0.007936,               0.007936
                    260,                 1.2326,                 1.1057,                 1.5596,                0.58479,                0.83221,                0.75055,                0.41776,                 1.5101,                 1.0889,                 1.8315,               0.007928,               0.007928,               0.007928
                    261,                 1.2437,                 1.0837,                 1.5533,                0.68584,                0.76108,                0.78498,                0.42682,                 1.5047,                 1.0692,                 1.8376,                0.00792,                0.00792,                0.00792
                    262,                 1.2202,                  1.089,                 1.5526,                0.63107,                0.78016,                 0.7878,                0.44498,                 1.4749,                 1.0758,                 1.8232,               0.007912,               0.007912,               0.007912
                    263,                 1.2376,                 1.0865,                 1.5549,                0.67003,                0.82137,                0.75833,                0.44078,                 1.4898,                 1.0908,                 1.8374,               0.007904,               0.007904,               0.007904
                    264,                 1.2341,                 1.0953,                 1.5551,                0.66073,                0.80343,                0.78762,                0.45299,                 1.4498,                 1.0381,                 1.7929,               0.007896,               0.007896,               0.007896
                    265,                 1.2234,                  1.088,                 1.5399,                0.70088,                0.84657,                0.80363,                 0.4574,                 1.5221,                 1.0427,                 1.8394,               0.007888,               0.007888,               0.007888
                    266,                 1.2222,                 1.0766,                 1.5344,                 0.6644,                0.81827,                0.80644,                0.43597,                 1.5451,                 1.0738,                 1.8612,                0.00788,                0.00788,                0.00788
                    267,                 1.2349,                 1.0989,                 1.5578,                0.73204,                0.71769,                0.76342,                0.41336,                  1.527,                 1.0581,                 1.8598,               0.007872,               0.007872,               0.007872
                    268,                 1.2405,                 1.0926,                 1.5486,                0.65176,                0.74103,                0.76454,                0.41734,                 1.5636,                 1.0572,                 1.8793,               0.007864,               0.007864,               0.007864
                    269,                 1.2351,                 1.1084,                  1.552,                0.63563,                0.74573,                0.76246,                0.43048,                 1.5391,                 1.0887,                 1.8411,               0.007856,               0.007856,               0.007856
                    270,                 1.2335,                 1.1084,                  1.548,                0.68872,                0.74346,                0.76104,                 0.4185,                 1.5404,                 1.1119,                 1.8306,               0.007848,               0.007848,               0.007848
                    271,                  1.215,                 1.0826,                 1.5452,                 0.6741,                0.74593,                0.76378,                0.42009,                 1.5292,                 1.0801,                 1.8473,                0.00784,                0.00784,                0.00784
                    272,                 1.2262,                 1.1083,                 1.5534,                0.62873,                0.81159,                0.77118,                0.41934,                 1.5851,                 1.0604,                 1.8937,               0.007832,               0.007832,               0.007832
                    273,                 1.2363,                 1.1066,                 1.5517,                0.60562,                0.80659,                0.75353,                0.42084,                 1.5501,                 1.0806,                 1.8587,               0.007824,               0.007824,               0.007824
                    274,                 1.2094,                 1.0731,                 1.5379,                0.61814,                0.83067,                0.78228,                0.44073,                 1.5151,                 1.0507,                 1.8327,               0.007816,               0.007816,               0.007816
                    275,                 1.2227,                 1.0871,                 1.5355,                0.62146,                0.77565,                0.77511,                0.42731,                 1.5488,                 1.0706,                 1.8478,               0.007808,               0.007808,               0.007808
                    276,                 1.2418,                 1.1099,                 1.5604,                0.65949,                 0.8099,                0.77244,                0.43129,                 1.5403,                 1.0733,                  1.852,                 0.0078,                 0.0078,                 0.0078
                    277,                 1.2192,                 1.0914,                 1.5445,                 0.7237,                0.76816,                0.83232,                0.44929,                 1.5523,                 1.0711,                 1.8953,               0.007792,               0.007792,               0.007792
                    278,                 1.2182,                 1.0866,                 1.5335,                0.71917,                0.73994,                0.78317,                0.43407,                 1.6371,                 1.0381,                 1.9501,               0.007784,               0.007784,               0.007784
                    279,                 1.2369,                  1.093,                 1.5619,                0.70934,                0.77436,                0.76931,                0.42662,                 1.5849,                 1.1105,                 1.8999,               0.007776,               0.007776,               0.007776
                    280,                 1.2204,                 1.0929,                 1.5435,                0.70244,                0.76319,                0.78633,                0.42061,                 1.6064,                 1.0827,                 1.9355,               0.007768,               0.007768,               0.007768
                    281,                 1.2214,                 1.0848,                 1.5411,                 0.6835,                0.75705,                0.79078,                0.42283,                 1.5366,                 1.0758,                 1.8701,                0.00776,                0.00776,                0.00776
                    282,                   1.22,                 1.0798,                 1.5373,                 0.7449,                0.78166,                0.80397,                0.44086,                 1.5523,                 1.0807,                 1.8892,               0.007752,               0.007752,               0.007752
